target,best_estimate,sdr,sdr_i,si-snr,si-snr_i
s1,estimate_s1,3.426328659057617,13.033294677734375,1.1609835624694824,10.185754776000977
