target,best_estimate,sdr,sdr_i,si-snr,si-snr_i
s1,estimate_s1,3.6920018196105957,10.675689697265625,1.2994252443313599,8.22091007232666
