target,best_estimate,sdr,sdr_i,si-snr,si-snr_i
s1,estimate_s1,3.6920013427734375,10.675689697265625,1.2994259595870972,8.220911026000977
