target,best_estimate,sdr,sdr_i,si-snr,si-snr_i
s1,estimate_s1,2.6920223236083984,16.82708740234375,-0.6240015625953674,13.670126914978027
